,0,1,2,3,4,5,6,7,8,9,10,11
0,0.014173884,0.043646753,0.074723355,-0.09019872,0.017430736,1.9250959,-6.1860104,4.633477,0.05475662,-0.0277906,-0.0031679086,-0.037364967
1,-0.0036403853,0.051380843,0.047429428,-0.04895021,0.028995242,0.8431399,-3.7779875,3.1341045,0.0789137,-0.041805413,-0.01793462,-0.008809573
2,0.017732706,0.06432257,0.048116222,-0.069556005,0.047331568,1.5972424,-4.563089,3.2607653,0.07384731,0.0029267143,-0.030856118,-0.0071719848
3,-0.024245838,-0.0103557985,0.0040856153,-0.019428909,0.02547424,2.6421037,-4.2173214,1.7626952,0.070426606,-0.01750582,-0.0441257,-0.034481265
4,0.042901505,0.054651484,0.030106058,-0.020298608,0.029049456,2.5066428,-2.4487047,0.05494479,0.03957423,0.011488367,-0.024791256,-0.03765868
5,0.04489822,0.0034457147,0.027203443,-0.09913772,0.07536517,-1.7938806,3.439879,-1.7027361,0.009859929,-0.029921057,-0.07397568,-0.026183998
6,0.016838333,0.039507553,0.05139438,-0.029501624,0.07771791,2.2323368,-2.4402928,0.36095265,0.09012078,-0.024929492,-0.052775122,-0.015586837
7,0.006419968,0.013614258,0.008260858,-0.042962775,0.06963794,1.7643677,-2.8777294,1.258462,0.05696416,-0.00824789,-0.020305358,-0.05934351
8,0.01701044,0.04417295,0.05858402,-0.08883829,0.03203842,-0.30058205,-2.7613785,3.2917974,0.034500074,-0.025223175,-0.005821295,0.020127395
9,0.02645989,0.017925108,0.020852197,-0.021550473,0.019790877,0.7082684,-0.27520257,-0.39603755,0.076043025,-0.01809155,-0.056810237,-0.044626996
10,0.06724467,0.00315913,0.017959565,-0.08305357,0.036740195,-0.8926045,0.7558913,0.21126491,0.03170217,-0.031171776,-0.017164506,-0.01883382
11,0.027486302,0.04305645,0.017888593,-0.017633628,0.01898452,1.0679352,-1.256437,0.24516964,0.086826794,-0.0030174213,-0.0434772,-0.004941039
12,-0.03158594,0.035613887,0.079375856,-0.047875963,0.04786421,3.7753117,-5.792219,2.2147722,0.082473114,-0.0075084097,-0.055010974,-0.05331691
13,0.05457896,0.024879882,0.038214922,-0.026306316,0.002458285,-0.11445687,-0.4523993,0.68250334,0.06463306,-0.037908148,-0.023163091,0.003215933
14,-0.002961617,0.033246964,0.07568297,-0.09514668,0.046157673,1.5976032,-5.4210544,4.0577226,0.058291215,-0.022350587,-0.020437118,-0.00038882787
15,0.013462171,0.036635265,0.04920254,-0.025242846,0.040238712,1.6437898,-3.277356,1.8216791,0.07103047,-0.040896416,-0.02894193,0.010087804
16,0.050717972,0.022280252,0.038566574,-0.037601683,0.020368468,2.0628603,-2.1844134,0.26445895,0.07554491,-0.020315964,-0.039023675,-0.059933595
17,0.054447465,0.03359358,-0.005492135,-0.05696407,0.01598304,0.07319768,-1.6394025,1.7370187,0.08431074,-0.01708512,-0.052212372,-0.028958244
18,0.039613288,0.009956611,0.023019802,-0.02915939,0.03983217,0.6390888,-0.49969733,-0.104724176,0.055233207,-0.019285945,-0.05672177,-0.042614393
19,-0.020964889,0.012479933,0.044240534,-0.08335695,0.030315835,1.5157048,-5.087282,3.8653982,0.09384335,-0.023717344,-0.009871505,0.010974263
20,0.04005261,0.04601518,0.03478215,-0.075094596,0.039437264,1.981327,-3.0430875,1.2274802,0.075292766,-0.043304395,-0.04142259,-0.025831902
21,0.004577128,0.05621873,0.047887124,-0.047660954,0.027109187,2.6126938,-4.6529703,2.282991,0.07513435,-0.020038929,-0.06665487,0.0006057599
22,0.04021611,0.035674088,0.050929077,-0.04856746,0.03988724,1.2733309,-2.1470098,1.0167636,0.05039501,-0.018749576,-0.026789576,-0.018816935
23,-0.010156298,0.04682742,0.050452806,-0.06360656,0.025357094,1.4627011,-4.612773,3.4082966,0.09772472,-0.019102557,-0.03047879,0.008154042
24,0.026591472,0.048658036,0.010466773,-0.07534358,0.02818222,-1.4234478,-0.6511853,2.1408367,0.06596867,-0.036006723,-0.045036577,-0.015288199
25,0.076508515,0.032192536,0.0107946275,-0.050369024,0.055846374,-1.2162377,2.147899,-1.0276626,0.069466494,-0.04010882,-0.0949764,-0.037584025
26,0.010154,0.058463655,0.04412757,-0.07699266,0.044094328,0.79157853,-3.0436127,2.4733782,0.0653219,-0.028670676,-0.036418512,-0.008297353
27,0.04214218,0.018012928,0.037397772,-0.036843836,0.01669576,-0.73870236,-1.6680555,2.5237787,0.07458754,-0.033091012,-0.026381098,0.0051660286
28,0.007204596,0.059877828,0.028916152,-0.029743258,0.08065759,1.3221864,-2.405887,1.2074059,0.093884826,-0.0013090443,-0.05923847,0.007588515
29,0.0075293966,0.062063694,0.03147293,-0.0714666,0.024594445,0.7997876,-3.3806317,2.7860649,0.083803095,-0.029466415,-0.07888329,0.009356541
30,0.02215491,0.032162093,0.019787565,-0.04040023,0.033816952,1.5690613,-3.2716155,1.8732461,0.08240403,-8.099864e-05,-0.0391753,-0.023922378
31,0.061952747,0.03039142,0.040967695,-0.04926885,0.011638241,-1.4080513,1.9620023,-0.57091415,0.056595292,-0.030180296,-0.05203639,0.0093911225
32,-0.014539672,0.0037169605,0.063696206,-0.09556178,0.025211677,2.0797412,-5.7695045,4.047377,0.07934657,-0.025235431,-0.019456938,-0.021682784
33,0.008526271,0.022298807,0.020823585,-0.02786753,0.05767032,1.6317862,-2.8261766,1.286632,0.067701995,-0.0024937443,-0.012957502,-0.0074447533
34,0.009406006,-0.018385932,0.03396918,-0.05311916,0.048037987,1.9833839,-3.8642871,2.1304967,0.03581174,0.00033612305,-0.022492066,-0.056109138
35,0.019407941,0.06659127,0.03756129,-0.031052772,0.04951281,1.7808797,-2.6903439,1.1068562,0.05502193,-0.008764624,-0.05000321,-0.014818074
36,0.008499017,0.028518395,0.042774655,-0.045475945,0.037248336,-0.5222199,1.9787518,-1.5105296,0.06706308,-0.057986885,-0.048019998,-0.0031635936
37,0.018159106,0.011379743,0.022770496,-0.03409281,0.02767647,3.0889456,-4.097953,1.1489182,0.07211864,0.01411322,-0.028084293,-0.058677137
38,0.03062699,0.037728757,0.038612127,-0.07324257,0.022762379,0.53145653,-2.5196908,2.1839828,0.070007324,-0.02782897,-0.021777932,-0.010050028
39,0.0077405367,0.034404106,0.03088058,-0.055163004,0.040247694,0.22815008,-2.6460426,2.6600845,0.06042317,-0.010819308,-0.03552065,-0.026128767
40,0.001501618,0.06016107,0.043610476,-0.071618415,0.040278595,1.2840166,-3.9955783,2.9700658,0.07877431,-0.009324119,-0.02676753,-0.007951521
41,-0.01206507,0.05949176,0.009159156,-0.05795127,0.023343433,0.29166764,-3.539612,3.5119512,0.08066844,-0.025814159,-0.03512667,-0.01858565
42,-0.012449561,-0.00025132485,0.008671841,-0.026139729,0.051823035,2.689245,-2.5520144,-0.08498169,0.055641714,0.030018106,-0.031916663,-0.053892385
43,0.019411625,0.037981912,0.05715745,-0.073509745,0.024864119,0.8570011,-3.1010413,2.471802,0.07541541,-0.021872686,-0.022052284,0.0039827144
44,0.023234788,0.05294451,0.049820565,-0.0016510002,0.025292374,3.314329,-3.6663888,0.4752416,0.09820767,0.011493044,-0.020876668,-0.059762686
45,0.05132964,0.06045796,0.049389757,-0.03918842,0.0815247,2.6763735,-1.3182255,-1.2750905,0.048169,-0.022663265,-0.053096592,-0.045532983
46,0.01356944,0.029388728,0.05509317,-0.05490902,0.039922416,1.3614943,-3.4174047,2.2102506,0.077503085,-0.04818849,-0.03590341,-0.009370361
47,0.024213042,0.06237831,0.047771648,-0.06383567,0.030948643,1.4848758,-3.7713578,2.474571,0.050023604,-0.009883025,-0.00049667805,-0.019889351
48,0.021308197,0.026607363,0.044351682,-0.060702853,-0.026105735,0.07192358,-3.5262377,3.7028618,0.08590196,-0.050274674,-0.03646642,0.016584985
49,0.013313318,0.0231898,0.0328769,-0.054323956,0.015519159,1.7582682,-4.7255564,3.2586784,0.08832958,-0.00362266,-0.021048997,-0.028792705
50,0.013101418,0.034705184,0.032922044,-0.0706149,0.034041494,0.94491047,-3.140318,2.3518949,0.0758325,-0.036037344,-0.0065865107,0.010332625
51,-0.013458969,0.046140797,0.043395095,-0.0124188475,0.04180996,0.10815497,0.53045124,-0.6815122,0.056833144,-0.04158055,-0.068877615,-0.007850851
52,0.0017177165,0.025016734,0.058615252,-0.021119326,0.006679599,-0.47118092,-1.7615944,2.4512954,0.08055319,-0.03337764,-0.06076789,0.0034812174
53,0.020322297,0.057283267,0.07058059,-0.09287065,0.013708811,0.82358223,-3.852974,3.3074877,0.054573134,0.008946101,-0.004231412,-0.01849357
54,0.03221183,0.019775031,0.03009099,-0.06916962,0.021479871,0.6749822,-2.6818657,2.154378,0.06827822,-0.017182583,-0.0045325533,-0.00955564
55,-0.0015984382,0.050447114,0.05381851,-0.032598082,0.0624786,1.2916837,-3.4727623,2.388252,0.042537306,-0.034476254,-0.038209453,-0.0072603803
56,0.018741589,0.014068766,0.0016315221,-0.058756202,-0.004604554,-0.68909204,-1.067073,1.8732074,0.071846545,-0.05855802,-0.010709669,0.026411192
57,0.012061844,0.055669628,0.02785296,-0.08621966,0.03411116,-0.39186144,-2.7744775,3.371044,0.051299434,-0.017375438,-0.024783745,-0.01202698
58,-0.0038081426,0.016227933,0.026805427,-0.03857301,0.044552617,1.1881053,-3.3791308,2.444352,0.052822404,0.0029641343,-0.033117183,-0.04815039
59,0.032444388,0.028171813,0.04936739,-0.032559693,0.048782866,-1.2157463,2.3304927,-1.1775545,0.046004772,-0.057987474,-0.0662348,-0.03085984
60,0.024925577,0.064638525,0.02510695,-0.01916847,0.083185315,3.5593102,-2.1430397,-1.4082367,0.04660667,4.552654e-06,-0.057674505,-0.02370414
61,-0.005960444,0.0695917,0.044161916,-0.07876161,0.051413752,-0.16954656,-2.887351,3.282598,0.05609889,-0.04993869,-0.008321531,0.0076020127
62,-0.0047612023,0.049203843,0.044204094,-0.04073615,0.040681563,0.80929005,-2.9911764,2.30176,0.10152325,-0.012551701,-0.031248167,0.0075948294
63,0.033786725,0.03541828,0.042318076,-0.03672985,0.016477093,0.99378157,-4.0369616,3.2748096,0.054776303,-0.026727347,-0.007036146,0.0050648833
64,0.02128974,0.030631507,0.026016882,-0.013343781,0.025248349,1.774591,-1.6827747,0.0327683,0.06929034,-0.0058562527,-0.036494523,-0.050268415
65,0.05041401,0.03517539,0.027483657,-0.034056976,0.04296672,-0.09696563,-0.823578,1.002138,0.07424112,-0.0005554777,-0.033199944,-0.008278635
66,0.06523608,-0.020210521,-0.02867498,-0.0618599,0.050472345,-1.769754,2.0791392,-0.25438985,0.026843995,-0.0072450237,-0.042813078,-0.02972833
67,0.058676295,0.02702511,0.010604494,-0.05159484,0.059323058,-1.1676267,2.4975138,-1.518316,0.07197885,-0.028200796,-0.093340255,-0.05096356
68,0.0040647853,0.055372134,0.03659585,-0.046809167,0.030684773,0.4882182,-2.404773,2.066499,0.06718042,-0.03452274,-0.03685938,0.0013412198
69,0.031089805,0.036912054,0.021666333,-0.02408503,0.005830563,1.8053273,-2.2970493,0.62830263,0.061090633,0.0060707103,-0.014908951,-0.019864248
70,0.01766313,0.049675025,0.048961,-0.059996255,-0.0169941,0.4255799,-4.1121936,4.02903,0.066930994,-0.035375454,-0.035417303,-0.033325385
71,0.011622073,0.038264595,0.06255662,-0.056003556,0.032474652,1.2751172,-3.4918513,2.4069972,0.073469386,-0.025476286,-0.041343182,-0.012464678
72,0.044422865,0.0276977,0.040717453,-0.045155145,0.065352805,-0.019714698,1.3130227,-1.356371,0.055378456,-0.025303567,-0.05357492,-0.029599233
73,0.019988183,0.06681035,0.06399229,-0.03905417,0.023353022,0.0065592676,-1.5755041,1.6807182,0.08209053,-0.03784701,-0.038838476,0.013792693
74,0.01645293,0.042915314,0.01674669,-0.03158076,0.023976829,1.3860081,-2.3452282,1.0978053,0.03412444,-0.0067490493,-0.017685167,-0.039701387
75,0.02863261,0.033731587,0.010075379,-0.05336407,0.030565437,-1.1325303,-1.7200416,3.0034459,0.071078226,-0.0317864,-0.022222474,0.00026903232
76,-0.0054401774,0.049368978,0.0509637,-0.08128727,0.047728438,1.2608671,-4.5570045,3.586616,0.07101615,-0.03315072,-0.023524664,-0.009480549
77,-0.00421427,0.0555678,0.0428242,-0.108869515,0.044772677,1.6011844,-4.7413507,3.3764155,0.09064992,-0.027073389,-0.041612938,0.004922265
78,0.0011769477,0.025179194,0.028702626,-0.066152185,0.013078317,1.9008896,-2.6840472,0.963834,0.059038814,-0.023741236,-0.065609485,-0.027288133
79,0.039802264,0.045097634,0.021146543,-0.02217539,0.06157552,-0.23467268,0.786568,-0.56267357,0.07045089,-0.0045131384,-0.06334284,-0.04304088
80,-0.015490474,0.036631107,0.042492047,-0.06678939,0.037742525,1.2919908,-3.0989904,2.0061116,0.082895845,-0.036208685,-0.040855408,-0.015815975
81,0.0129700005,0.036009707,0.042612083,-0.08207502,0.04530598,1.8201234,-4.219593,2.5906,0.041853532,0.003479077,0.0016969331,-0.019858142
82,0.020932708,0.054608285,0.03211754,-0.065083854,0.0034847958,-0.48297095,-3.018796,3.6795592,0.08373686,-0.042115655,-0.025174387,0.02276371
83,0.047884136,0.0025534388,-0.010822452,-0.0644596,0.013624044,-0.6363331,-0.47805262,1.2712696,0.030307587,-0.024054565,-0.027105264,-0.0484822
84,0.035379454,0.024493808,0.035104893,-0.05492571,0.022554507,0.8241935,-2.9095647,2.2590282,0.06033674,-0.0048231496,-0.015657421,-0.04357733
85,0.019663261,0.02885229,0.11253017,-0.08266811,0.04010944,2.964958,-6.680354,4.0974,0.040429324,-0.018797781,-0.032839276,-0.042478222
86,-0.0066454653,0.0376885,0.011072478,-0.084774785,0.0536499,0.9112744,-4.261932,3.5912702,0.08852731,-0.021890605,-0.036155924,-0.02439622
87,0.00979545,0.038210437,0.08172096,-0.09602192,0.0827035,2.6366541,-4.6055045,2.208126,0.05190119,0.0052614063,-0.019271169,-0.062767774
88,0.026252968,0.0149418805,0.039366834,-0.05169718,0.024789445,1.7340834,-3.9406686,2.420946,0.077179044,-0.007986875,-0.012732003,-0.022601776
89,-0.022251276,0.04113613,0.043790594,-0.055737577,0.038350232,2.4175508,-4.6985636,2.5323732,0.07134463,-0.0009930093,-0.02542103,-0.043907303
90,0.009705633,0.058066346,0.07342228,-0.08747712,0.02191871,-0.18022276,-3.0085673,3.3862405,0.057689644,-0.014746835,-0.013701461,0.01778406
91,0.012983263,0.056735672,0.017632531,-0.07978674,0.048950803,0.9808091,-2.298108,1.471686,0.10105218,-0.039251957,-0.06760079,0.0027955382
92,0.047288373,0.034972966,0.029575532,-0.021458082,0.045342553,-0.14816374,1.1760913,-1.0619904,0.08932282,-0.016987786,-0.07618391,-0.06796437
93,0.020684032,0.06142112,0.055838913,-0.016295675,0.035510264,-0.28865087,1.5071385,-1.2164122,0.07660172,-0.0415442,-0.071198024,-0.01621088
94,0.008346641,0.016405752,0.015086027,-0.065603465,0.025451697,0.56466544,-2.5641332,2.200463,0.055955164,-0.020222025,-0.0036416687,0.010457193
95,0.029745715,0.013938209,0.048797444,-0.04971908,0.015133204,1.4362649,-3.4017396,2.1339452,0.08235221,-0.022810383,-0.027338691,-0.04750366
96,0.058354147,0.056131944,0.036484495,-0.034341052,0.086952195,-0.70500004,2.1140194,-1.5083866,0.06375469,-0.030329557,-0.08102164,-0.0044057555
97,0.028082332,0.04153204,0.008031398,-0.055465363,0.036709934,-0.25797105,-1.2347382,1.5636681,0.08113064,-0.031999994,-0.05088155,-0.013928073
98,-0.010647582,0.0082478095,0.04864578,-0.058176555,0.0432662,3.0690262,-5.3708706,2.4789698,0.06671125,0.009839701,-0.026734851,-0.043851413
99,0.032385763,0.04185839,0.026277993,-0.009982586,0.046091717,-0.7394987,-0.616974,1.4151725,0.061749496,-0.04093127,-0.03917762,0.008696204
100,0.018935526,0.0365123,0.015402567,-0.079341434,0.0176506,-0.5013956,-2.6862402,3.3190503,0.070435144,-0.049497623,-0.024339508,0.0069338046
101,0.025031652,0.033189505,0.05819267,-0.07367419,0.0181186,0.70218885,-2.7900126,2.271981,0.0662089,-0.027209224,-0.001255773,0.0123052215
102,-0.01817877,0.04680702,0.060088806,-0.031934585,0.062689275,3.2764566,-5.3714724,2.360648,0.09515378,-0.019230636,-0.044937655,-0.016731294
103,0.033795573,0.033750772,0.039423868,-0.066646814,-0.0028237365,-1.327497,-0.8480847,2.3330598,0.053943932,-0.048729226,-0.016485184,0.013582741
104,-0.008088244,0.038184658,0.037247755,-0.04437522,0.017938526,2.2247186,-2.4605067,0.3579324,0.07721272,-0.04245369,-0.039047025,0.0017638246
105,-0.0004842747,0.044702634,0.029182939,-0.063217565,0.035062753,-0.4805948,-2.4302127,3.0609243,0.07409483,-0.05866869,-0.044578023,0.0044082943
106,-0.016173886,0.074115895,0.046535753,-0.058038734,0.03106872,1.7161192,-4.094833,2.572355,0.08022652,-0.013028899,-0.031343833,-0.0041811652
107,0.033774436,0.031122962,0.03196112,-0.0278273,0.029292077,-0.28170955,0.84021723,-0.5421814,0.06325489,-0.0329147,-0.026601456,-0.031126445
108,0.021713184,0.025242852,0.077126965,-0.06284415,0.015437678,2.8719478,-4.465217,1.7724671,0.073402524,-0.020794926,-0.029268414,-0.01905599
109,0.014669019,0.03014131,0.058671482,-0.06978072,0.03015225,2.5960517,-6.0366874,3.7614653,0.057547987,-0.011480069,-0.01370981,-0.013306623
110,0.0029989723,0.028961426,0.045436487,-0.0472441,0.006667864,1.5668535,-4.7538767,3.4801495,0.048096992,-0.008684968,-0.0064376406,-0.02362636
111,0.023376666,0.029819543,0.04933705,-0.058622353,0.032609988,0.529914,-2.1919208,1.8295859,0.0688854,-0.026000343,-0.010754995,-0.0115662385
112,8.3405524e-05,0.03113812,0.059297696,-0.06604175,0.0062451637,1.2217003,-4.243365,3.3258781,0.046818994,-0.009409828,-0.022648655,-0.0004979619
113,0.02975128,0.043092474,0.015980702,-0.047033258,0.031094823,0.04868231,-1.918587,1.9828955,0.057927098,-0.014522957,-0.03394244,-0.014616287
114,-0.011356728,0.04985632,0.0499923,-0.060109578,-0.014759609,0.96670973,-2.6073756,1.827341,0.03002616,-0.048982967,-0.037802584,-0.022309981
115,0.010857962,0.029231193,0.02738638,-0.027854595,0.043777302,1.2760485,-2.4980721,1.34913,0.06598829,-0.022517776,-0.025545567,-0.027072096
116,0.015751708,0.06056279,0.029821398,-0.05876244,0.043057766,1.2174293,-4.0450277,3.0504055,0.06574489,-0.013521512,-0.03683144,-0.000894218
117,0.04603758,0.045444697,0.06472301,-0.037613478,0.04872333,2.1348734,-2.6476479,0.6804145,0.07797894,-0.022504728,-0.0059736706,-0.038316343
118,0.027504584,0.06821178,0.022779973,-0.057041496,0.090161696,1.5931596,-2.7405488,1.3396722,0.051535714,-0.005189464,-0.05607251,-0.026080985
119,0.019382484,0.044050038,0.040630944,-0.07886432,0.0594278,1.7836285,-2.3708007,0.7088234,0.08082053,-0.04103525,-0.04441955,-0.005807868
120,0.022601962,0.053073645,0.04787579,-0.08142113,0.03105658,1.7199166,-4.1864944,2.699559,0.06753332,-0.010615217,-0.036792487,-0.027049517
121,0.008008961,0.07076683,0.042099483,-0.091698855,0.051118918,1.2690562,-3.6765356,2.5973608,0.07750183,-0.009619817,-0.034241,-0.0142823635
122,0.045654252,0.0154894125,0.019817933,-0.041954957,0.028548218,0.85976577,-2.2361062,1.532282,0.047117736,-0.0056952266,-0.03742595,-0.04492655
123,0.029740479,0.036248893,0.007840952,-0.0505805,0.033315323,0.92680216,-1.573394,0.7620466,0.07638991,-0.032155015,-0.06382875,-0.028590387
124,-0.027030775,0.031491958,0.069731444,-0.08224133,0.03562404,2.2815924,-6.44272,4.456162,0.073531814,-0.046220396,-0.041202523,-0.0050225016
125,-0.009749668,0.040927738,0.03352365,-0.0990384,0.0058630463,0.39695007,-4.048105,3.9022994,0.028615214,-0.014461795,-0.005325012,-0.02457847
126,0.014939337,0.02601503,0.03990393,-0.029409874,0.008514931,1.1426979,-3.0167766,2.094288,0.06667227,-0.01633583,-0.018820964,-0.028992033
127,0.009747529,0.03335025,0.11090912,-0.018104792,0.051422108,2.1163633,-3.9782252,2.0758011,0.073377,-0.023697218,-0.019196939,-0.018328667
128,0.016852867,0.029291386,0.025347156,-0.049980327,0.04900758,0.5542375,-2.4452803,2.047646,0.07792194,-0.022390336,-0.020984847,-0.031943295
129,0.036250748,-0.0027241744,0.03682161,-0.050379567,0.00073532294,1.0107197,-1.6546994,0.7883672,0.06132379,-0.020213755,-0.020002585,-0.028982189
130,0.06740124,0.001624275,0.004966858,-0.022938691,0.035453524,-0.18728906,1.1305338,-0.9487704,0.08405112,-0.022352127,-0.06304222,-0.023699427
131,0.06031788,0.028682625,0.02318777,-0.054017417,0.028414767,-1.5057153,-0.50526017,2.1606004,0.062057473,-0.035387624,-0.023860443,-0.036130972
132,-0.00041332096,0.07759939,0.047623612,-0.012686763,0.06905573,3.4564054,-5.255833,2.0538318,0.08182977,0.0050978293,-0.047615595,-0.04294304
133,0.033297867,0.028814645,0.026104694,-0.0610642,0.045832913,0.8012889,-2.6593635,2.0593193,0.058524728,-0.010591667,-0.013887674,-0.019972065
134,0.028656464,0.014451241,-0.008458013,-0.02944832,0.04860505,-0.034388,1.428009,-1.4098878,0.06810434,-0.016961213,-0.0556624,-0.020296058
135,0.061243095,0.012928618,0.020086007,-0.00150818,0.059536397,0.30190128,0.9313071,-1.2680379,0.060602125,-0.030628746,-0.03950747,-0.033749703
136,0.052478023,0.025467439,0.03059998,-0.022795625,0.04459134,0.38890582,0.86628836,-1.2109603,0.058772504,0.001498355,-0.033671744,-0.060176533
137,0.016758623,0.0018124506,-0.005944182,-0.03845091,0.040773697,2.7368891,-3.8567054,1.2968624,0.0675847,0.018973228,-0.053490132,-0.05491211
138,-0.0029374827,0.026094368,0.070865944,-0.03593929,0.04418182,2.8641524,-3.7542934,1.0664757,0.054108955,-0.022311635,-0.032936655,-0.06841197
139,0.023159835,0.02679267,0.050057292,-0.025131255,0.06084046,3.3801003,-4.4306097,1.2320887,0.09322106,0.0024334048,-0.010203391,-0.027011797
140,0.035421222,0.023805456,0.069790624,-0.032758836,0.045723733,2.0176706,-2.8051236,0.99095553,0.06326452,-0.024278149,-0.042909153,-0.039842777
141,0.019267663,0.055042222,0.039788663,-0.056294337,0.058568716,3.2135017,-3.5421805,0.47605556,0.069604464,-0.023204094,-0.030106992,0.0029575939
142,0.048274726,0.012019059,0.01295688,-0.056481026,0.025322322,0.5350799,-1.4097708,0.9549652,0.05794958,-0.0054826313,-0.011476379,-0.024946457
143,0.013136916,0.052594513,0.049208105,-0.053107835,0.05663972,2.7778206,-3.945722,1.3530294,0.06932536,-0.04374854,-0.088570155,-0.0143989865
144,0.035305507,0.049278602,0.04787294,-0.04279873,0.015356816,1.7399135,-3.3504422,1.8251499,0.06328452,-0.026577013,-0.018140677,-0.0530852
145,0.03011324,0.043931484,0.05662264,-0.02219291,0.07095472,2.8752718,-4.277294,1.6514372,0.07394565,-0.018949078,-0.05319182,-0.028895045
146,0.015496748,0.05601883,0.07887733,-0.03728821,0.05887525,2.693849,-3.958888,1.4902174,0.061126847,-0.017148836,-0.043504365,-0.025994016
147,-0.020850139,0.02358074,0.066149145,-0.02412926,0.063241675,2.064999,-1.4083573,-0.5788347,0.07514642,-0.062213495,-0.074692585,-0.035673916
148,0.014856954,0.03926669,0.04567407,-0.039562404,0.016243873,1.9144351,-3.1540718,1.4336144,0.061153293,-0.0043628844,-0.042528577,-0.02301442
149,0.031716313,0.026400851,0.037571073,-0.030686006,0.0222308,1.9770622,-1.8935308,0.01345516,0.052566584,-0.027998263,-0.054578595,-0.03193488
150,0.025671806,0.01968001,0.038878754,-0.04856973,-0.007943527,3.0906823,-3.957809,1.032893,0.08090326,-0.009771168,-0.021955557,-0.01223694
151,0.0127207935,0.017999092,0.079999335,-0.037011784,0.046609398,3.1796978,-4.2768607,1.3393792,0.07319316,-0.024099784,-0.05588617,-0.017309172
152,0.032582495,0.035162427,0.078682736,-0.013876997,0.016747208,2.819141,-4.1902575,1.6266452,0.06036988,-0.012188797,-0.020765688,-0.049779713
153,0.043037828,0.05262488,0.06007258,-0.020819776,0.044240106,2.6605253,-2.8210104,0.3342384,0.06655428,-0.016520925,-0.028464645,-0.067909025
154,-0.017497284,0.06036008,0.06783622,-0.0027114619,0.07444814,2.9877014,-3.5390787,0.72696716,0.10949637,-0.036316235,-0.053281352,-0.026913647
155,0.014719476,0.040696226,0.08129837,-0.0478509,0.04410635,3.3187497,-4.1829014,1.0808115,0.08041936,-0.017528802,-0.023401543,-0.063228145
156,0.004999548,0.01384758,0.032839574,-0.009830553,0.035534568,3.7202709,-4.3065596,0.69290584,0.0699309,0.007150248,-0.03815706,-0.034769233
157,0.019713782,0.041680917,0.028368512,-0.044637233,0.058872636,1.7372222,-2.082093,0.45702648,0.098182835,-0.024697388,-0.044027694,-0.032837994
158,-0.009600351,0.038725533,0.058481187,-0.026076864,0.04698506,4.6946206,-4.9550214,0.4013701,0.059106257,-0.003557946,-0.055009097,-0.039902862
159,-0.009898307,-0.0033069644,0.041853793,-0.0069019813,0.005191191,3.5521243,-3.5848765,0.086360194,0.086421914,-0.017016066,-0.025482677,-0.012182166
160,0.0043020044,0.009888878,0.028218476,-0.030710176,0.036170587,1.5055577,-2.2556949,0.8192411,0.06683725,-0.008718971,-0.025277097,-0.0026635013
161,0.017278368,0.03581091,0.039615043,-0.021951709,0.055750072,2.675266,-1.6870763,-0.96167755,0.08607508,-0.026506407,-0.032527916,-0.04863531
162,-0.0014500301,0.009167606,0.02113944,-0.027089715,0.031753473,3.6105728,-3.025608,-0.604401,0.10750416,-0.006526111,-0.056287214,-0.0576699
163,0.019708816,0.027563332,0.058232054,-0.039369747,0.031315543,3.210966,-3.4304314,0.41270924,0.065661795,-0.03557078,-0.05886881,-0.06481096
164,0.009263163,0.058365338,0.035951212,-0.056036398,0.06052614,3.4372497,-2.8402815,-0.50704694,0.053550184,-0.027387993,-0.058742322,-0.047535535
165,0.0142162945,0.04623104,0.072335415,-0.060236245,0.06105354,3.2843492,-4.12511,1.0357859,0.0843883,-0.023458976,-0.02739881,-0.008785758
166,0.005659612,0.07568759,0.059669964,-0.011030721,0.07358022,3.5157745,-5.2853756,2.0484269,0.08425475,0.015951877,-0.031640537,-0.029471925
167,0.011113701,0.08621324,0.060825557,-0.04255058,0.09097804,3.638985,-3.6989634,0.25631458,0.065729216,0.007822728,-0.06414854,-0.0129798325
168,0.051199093,0.041276902,0.030222045,-0.060375527,0.04208881,0.8525793,-1.9361465,1.2370735,0.076081336,-0.02409273,-0.011714999,-0.031936113
169,0.013130983,0.059540264,0.033802338,0.009383518,0.06417436,3.426413,-3.4935207,0.15626049,0.07098976,0.004015111,-0.027122363,-0.03612704
170,0.028849686,0.02893989,0.050226912,-0.023377493,0.040453147,1.7308936,-2.108946,0.5422449,0.08039644,-0.023880241,-0.0187357,-0.04838995
171,-0.012881765,0.013231726,0.04031294,-0.026915543,0.032418888,2.711482,-3.9417067,1.351602,0.05275061,-0.0158214,-0.017436117,-0.0125159845
172,-0.011808636,0.025157934,0.024597948,-0.037758775,0.08162098,2.5053315,-2.9269865,0.55672497,0.04708955,0.012586141,-0.05149027,-0.046015948
173,0.024516197,0.03176508,0.046824746,-0.03833832,0.033225298,1.3481648,-1.3616055,0.13891438,0.07103931,-0.0188637,-0.02792041,-0.053359933
174,-0.001458602,0.029478813,0.024998216,-0.02362755,0.0041619884,2.1664035,-2.8734975,0.8838727,0.087715864,-0.004793867,-0.0217577,-0.030762784
175,0.00893493,0.06506906,0.04826048,-0.023601629,0.05785769,3.4314804,-3.1915226,-0.16291234,0.0671023,0.008083908,-0.029717818,-0.038585585
176,0.01424456,0.026863271,0.07047059,-0.034949288,0.052906368,2.1422868,-1.3651158,-0.74580884,0.07488393,-0.019492017,-0.06906511,-0.009071422
177,0.009325257,0.047891907,0.020133983,-0.07938466,0.020709088,0.8291515,-3.45983,2.7960303,0.08585298,-0.0442134,-0.022776414,0.0038976374
178,-0.009974515,0.005861871,-0.006049685,-0.022071626,0.07353295,3.349331,-3.880807,0.6044705,0.07598568,-0.010118402,-0.04993107,-0.06402878
179,-0.05221585,0.036943026,0.05237385,-0.045874782,0.067008995,1.7282947,-3.20482,1.7174674,0.09012945,-0.04201947,-0.05226779,0.010248031
180,-0.009356225,0.005647378,0.055200122,-0.06187506,0.067102596,3.2171206,-4.5703287,1.5109342,0.06374834,0.009222742,-0.02451161,0.0047988053
181,-0.007352067,0.05103576,0.032296903,-0.039562184,0.04991302,4.326749,-4.6118126,0.41431993,0.12796147,-0.04868902,-0.06699916,0.0067845443
182,-0.014619475,0.023924032,0.019511282,-0.031924244,0.040726535,1.5727466,-2.7875745,1.3579681,0.118574284,-0.024775686,-0.04479792,-0.0112757785
183,-0.04020749,0.07372596,0.0455975,-0.041415244,0.07534456,3.6977417,-4.7390227,1.2362233,0.11211973,-0.020710645,-0.04684703,0.01291597
184,-0.010676106,0.017326625,0.022591928,-0.03113322,0.019034848,0.9307161,-2.6584475,1.96026,0.09418447,-0.022298712,-0.06351484,-0.028016744
185,0.016737325,0.012989329,0.065218136,-0.02459165,-0.0046433974,0.2065733,-3.5405314,3.6385818,0.056730833,-0.0517997,-0.024971265,-0.011048955
186,-0.0065542925,0.020047514,-0.0020495187,-0.02513843,0.028267503,0.62819374,1.5112529,-2.203645,0.028652038,-0.021534266,-0.11699135,-0.00088457833
187,0.014960915,0.001555955,0.024072746,-0.060693316,0.02796084,-0.6440346,2.4792914,-1.9900416,0.060392484,-0.071432225,-0.1349296,0.0053151054
188,-0.0014146082,-0.003753243,-0.01746892,-0.025136538,0.031853404,0.8383726,-0.6981738,-0.10971625,0.08573744,-0.03102467,-0.0809655,-0.026246866
189,-0.023369795,0.04667718,0.04488031,0.009854249,0.065646216,3.9332762,-5.0564313,1.2970338,0.094332226,-0.01128404,-0.027268767,0.019255193
190,0.01713349,-0.011111262,0.0017828215,-0.007459471,0.023578584,1.6085479,-0.80760753,-0.8444568,0.07578635,-0.02951153,-0.07122417,-0.03222641
191,-0.009292321,-0.016128842,-0.0018917415,-0.017985791,0.054997984,2.3706346,-3.1305974,0.8649265,0.08250165,-0.009942979,-0.040699497,-0.0574494
192,-0.06605292,0.040805966,0.0038980376,-0.008485779,0.046911936,4.529295,-4.7625623,0.29226178,0.10539455,0.0108259935,-0.07209294,0.018446822
193,-0.017085468,0.025308358,0.06421527,-0.030165162,0.032293696,3.4390044,-3.2769272,-0.11442969,0.07211162,-0.0031034532,-0.061056793,-0.018648433
194,-0.035536952,-0.0070140213,-0.011376621,-0.009122025,0.02074277,2.540824,-2.3212981,-0.18012625,0.080373056,-0.015833495,-0.08012002,-0.041318033
195,-0.031276926,0.03559927,-0.009997579,-0.036139295,0.027390003,1.989037,-3.8304691,2.091166,0.11836127,-0.03167006,-0.099026985,-0.01855774
196,-0.02006063,0.048264116,0.06684511,-0.019807372,0.073293194,2.9867222,-4.1417513,1.3683312,0.09650272,-0.03790821,-0.043188334,0.032222334
197,-0.02756332,0.0902585,0.050671637,-0.069298215,0.07992347,3.3731587,-3.3193696,0.051161,0.08654396,-0.049834732,-0.056780934,-0.02258421
198,-0.002139058,0.050374106,0.06126406,-0.037181716,0.0789023,1.8648539,-2.6922507,0.948507,0.08997364,-0.036948275,-0.03938786,-0.005497288
199,-0.052343868,0.012455562,0.009108316,-0.0055026524,0.05073116,2.6899185,-1.2610064,-1.5228168,0.08057598,-0.046468575,-0.10716268,-0.02879456
200,0.013081692,0.02739458,0.059056394,0.012516651,0.047370844,2.5579133,-2.357197,-0.18701982,0.081290685,-0.014305893,-0.028446928,-0.0027207274
201,-0.016816473,0.013940314,0.003938347,0.004302906,0.06307478,3.4882665,-3.6063414,0.15947151,0.09943302,-0.014759103,-0.069451354,-0.008276747
202,-0.03079732,0.013383782,-0.005158292,0.02062576,0.04925016,2.2059608,-1.1973312,-1.0490694,0.06555943,-0.011414532,-0.06824902,-0.040650476
203,-0.010103034,0.0033309888,-0.0013078377,-0.016318835,0.03298792,1.7262813,-1.6377734,-0.077939786,0.080696985,-0.033864576,-0.076519325,0.0018805603
204,-0.024044314,0.025205085,-0.008252628,0.012072027,0.05860489,2.7908995,-3.0230992,0.2991225,0.10183821,-0.006022353,-0.08828915,0.009068696
205,0.0053788982,0.024615126,-0.001770338,-9.1355294e-05,0.06111774,2.564486,-2.6980891,0.215292,0.08279187,-0.010238068,-0.07455895,-0.021088924
206,-0.0013745613,0.021553317,0.023705376,-0.037502296,0.0658492,1.1832216,-3.0841172,2.185965,0.117048584,-0.020230081,-0.074492864,-0.061467513
207,0.015334343,0.0019179266,0.033706367,-0.038953766,0.05786581,1.1904261,-2.0832238,1.0036318,0.07832621,-0.028002905,-0.045969576,-0.00855327
208,0.021715377,0.027004445,0.008685134,-0.025737502,0.038282815,2.1076202,-1.5828922,-0.56557536,0.086016,-0.022676656,-0.076557115,-0.012908114
209,-0.004894005,0.013520902,0.042729348,-0.00067656115,0.031865254,1.6224582,-0.7275689,-0.9753114,0.069606744,-0.024167195,-0.0755084,-0.013255286
210,-0.011203835,0.038043693,0.03424461,-0.016533285,0.056146454,2.9075084,-3.7076018,0.9149326,0.096296,-0.02299818,-0.014960077,-0.024125112
211,-0.0033459235,0.03855572,0.048257895,0.0006284602,0.058869947,2.6601028,-2.968561,0.3905499,0.07802616,-0.014481269,-0.03529782,-0.036131084
212,-0.05050561,0.039631218,0.04621654,-0.01658427,0.04828364,3.7151353,-4.636206,1.0144612,0.08645614,-0.017671844,-0.03833951,-0.0036237582
213,-0.012957869,0.03391064,0.044105984,-0.016986638,0.048563194,3.788826,-5.009529,1.314871,0.13090728,-0.023101611,-0.07315752,-0.02646668
214,0.03822444,-0.025632223,0.015836157,-0.037152942,0.06476133,-0.5165469,2.027837,-1.6015507,0.030464076,-0.031870726,-0.108970694,-0.082848
215,-0.0067027565,0.0016220864,0.051094495,-0.029851511,0.041772284,-0.56576097,2.346756,-1.8815254,0.07724603,-0.06269963,-0.10095244,0.013852536
216,-0.012763536,0.030364795,0.03193952,-0.02563449,0.054892164,2.1670809,-2.2232807,0.084429584,0.071241155,-0.030475942,-0.073745035,-0.031906467
217,-0.029066032,0.0063300375,0.031632483,-0.047437392,0.06953666,2.778158,-2.8232348,0.0711861,0.080089755,-0.012729384,-0.063123636,-0.02574672
218,-0.052498385,0.047971517,0.01839943,-0.022594921,0.06389536,3.1903393,-3.6205006,0.46454102,0.105415404,-0.027054219,-0.072408214,0.0027923465
219,-0.028954996,0.009432914,0.012343997,-0.0010578707,0.06458404,3.701494,-3.5950563,-0.117054895,0.079980075,0.0010447245,-0.037550934,-0.046060946
220,0.025009949,0.026501874,0.039539084,-0.010959759,0.03718046,3.388379,-1.9719434,-1.5468072,0.10447721,-0.03274164,-0.07269986,-0.020234339
221,-0.014557002,0.027565388,0.02756831,-0.024752036,0.050635498,2.2194495,-0.697833,-1.6701806,0.068481475,-0.01270365,-0.06951135,-0.006651328
222,-0.048579976,0.016568435,-0.02960107,0.014378248,0.060562104,2.6598449,-2.2894342,-0.34707013,0.092263505,-0.027871283,-0.0927069,-0.034888934
223,-0.008793788,-0.0015664008,-0.017277448,-0.012038298,0.05987953,1.4149091,-1.413131,0.055070616,0.08222423,-0.027826665,-0.097095065,-0.04119975
224,-0.046794496,-0.009270383,-0.032405414,0.009459793,0.08203122,2.4811416,-1.8673476,-0.69306546,0.114980675,-0.06045978,-0.114540584,0.0032380878
225,-0.015747013,0.025444405,0.024320533,0.014415318,0.055116627,2.4924781,-1.3443687,-1.1996251,0.081635155,-0.029262343,-0.08072308,0.009210375
226,0.003053503,0.028676858,0.02255933,-0.004446678,0.04803036,4.196762,-4.4388084,0.26662046,0.10664032,-0.027242208,-0.0431543,-0.00069228583
227,0.003443176,0.04529933,0.019046417,0.0015921481,0.049432673,2.7257495,-3.0792236,0.40999871,0.10643261,-0.0288421,-0.0746734,-0.025009258
228,0.0075263362,0.016437562,0.044213183,-0.027772896,0.035228513,2.6161466,-3.43502,0.9595136,0.10664553,-0.030186411,-0.052071117,-0.0032660833
229,0.0007733889,0.041888997,0.036532134,-0.051676147,0.048743542,3.083434,-3.2134316,0.26032335,0.11000824,-0.04282138,-0.03369748,0.042897135
230,-0.0059968587,0.02615246,0.02063232,-0.024538614,0.049805623,2.2832642,-3.3621955,1.2262951,0.103303306,-0.01887777,-0.047681734,-0.020484345
231,0.0025810525,0.030191949,-0.002146068,-0.010553353,0.041248884,1.733848,-2.2541337,0.5949937,0.10605689,-0.008933161,-0.08749447,-0.0070792465
232,-0.028795568,0.05019755,-0.004598259,-0.0014422238,0.058708087,2.2711458,-2.9491088,0.7857518,0.09081502,-0.02973996,-0.046403676,-0.020615999
233,0.004935432,0.020085553,0.066946164,-0.022169534,0.05984896,3.9985638,-3.4210014,-0.63264567,0.098912165,0.00810482,-0.030964792,-0.042672563
234,-0.025209675,0.025449613,0.034540504,-0.018287983,0.043199982,2.8009536,-3.285191,0.53446025,0.10405782,-0.030093173,-0.044528067,-0.04087805
235,-0.014856851,0.03850892,0.059298165,-0.046698995,0.0137213385,1.6700575,-3.8555014,2.4314969,0.10210127,-0.024314804,-0.05823543,0.01098653
236,-0.029720774,0.017676016,-0.0092268195,-0.04234445,0.0020045033,0.31620204,-2.6603599,2.5920713,0.104182474,-0.025088442,-0.08797053,-0.013112427
237,-0.057041056,0.0065293033,0.029276626,-0.0009871796,0.074187845,3.2751079,-2.3765624,-1.0076134,0.089022495,-0.061249837,-0.09718802,0.010104354
238,-0.0066249687,-0.00750524,0.00057929195,-0.0329668,0.0720629,1.7958722,-2.2393913,0.52940863,0.10176434,0.0039380607,-0.040607743,-0.08413621
239,-0.023307351,0.010959836,0.010473335,-0.032955885,0.03879936,1.241332,-2.8778145,1.8525655,0.105767444,-0.01950282,-0.089666806,-0.025137242
240,0.013698397,0.024048427,0.041112915,-0.060306825,-0.025544256,-1.0728453,-1.3803632,2.716909,0.09769484,-0.063003525,-0.08858282,-0.0029806762
241,-0.0012060422,0.0085035805,0.015413081,-0.035846613,0.01845678,0.6681633,-1.4992456,0.9962676,0.07246778,-0.02921109,-0.08821987,-0.002605121
242,-0.02674322,0.0045047347,0.017041793,-0.016006581,0.03438776,2.7630663,-3.608997,1.0235372,0.08392138,-0.0088147,-0.091563754,-0.019214902
243,-0.041585885,0.032824628,0.010437375,0.0024745539,0.08362593,2.88595,-2.6109476,-0.22438762,0.077590205,-0.020642767,-0.062223732,-0.036258493
244,0.029907774,0.019852212,0.025723716,-0.021997143,0.02685045,1.4839152,-1.7334223,0.30078328,0.07438795,-0.021593425,-0.020100005,-0.034904823
245,-0.014539672,0.0037169605,0.063696206,-0.09556178,0.025211677,2.0797412,-5.7695045,4.047377,0.07934657,-0.025235431,-0.019456938,-0.021682784
246,-0.026278166,0.014904985,-0.0008822195,-0.058880307,0.06218283,1.0619935,-3.8835955,3.1952322,0.10260205,-0.039460067,-0.08159596,-0.058572147
247,-0.018935615,0.036750868,-0.007907689,-0.025725491,0.03626307,1.7596177,-4.040403,2.5295787,0.10989162,-0.006842269,-0.06791904,-0.046195157
248,-0.04973396,0.021070575,-0.005694246,0.011765844,0.056582473,3.3764124,-3.1371622,-0.23072562,0.09433822,-0.008498691,-0.064414755,-0.01885369
249,0.0027998425,0.056403503,0.041532166,-0.03032957,0.07494685,2.8929844,-1.9999793,-0.851197,0.08699501,-0.064078085,-0.048607096,0.012883143
250,-0.032538563,0.037218973,0.0060332417,0.0028796718,0.043874346,2.6815197,-2.3553693,-0.3315928,0.08229744,-0.017241582,-0.08156811,0.019940132
251,0.047181297,0.032370083,0.00066941045,-0.06553196,0.04556046,-0.39768863,1.6334615,-1.3338153,0.059800487,-0.045913976,-0.08424249,-0.0014667537
252,0.056983065,-0.0018973108,-0.004014866,-0.07929819,0.07953404,-1.315331,2.460938,-1.1695088,0.036115624,-0.007242049,-0.053646572,-0.030084163
253,-0.009521009,-0.0150314085,0.005780017,-0.046254933,0.09249672,1.3969711,-2.346265,1.0970389,0.08050645,-0.024257978,-0.078901805,-0.038303174
254,-0.009125734,0.0026179887,0.063032396,-0.03939324,0.037102714,2.7900112,-3.628718,0.9731253,0.1010275,-0.005969209,-0.04231216,0.04124529
255,-0.035464734,0.035982445,-0.0026148055,0.0045996113,0.03342054,2.3019557,-2.7240016,0.5505602,0.10473039,-0.031672053,-0.09507383,-0.019668272
256,-0.024896355,0.036571838,-0.0061591323,-0.015093502,0.035043377,3.7034328,-5.858068,2.3651164,0.114982866,-0.012547851,-0.04972639,-0.029990224
257,-0.055436328,0.012905398,0.0062846746,0.004231693,0.048286714,3.0160687,-2.8623424,-0.116740875,0.0771987,-0.029469373,-0.08625963,-0.023574896
258,-0.00095132925,0.019761687,0.022724947,-0.003255669,0.046331506,2.8338995,-1.5757724,-1.3927702,0.061263107,-0.045125104,-0.048273124,-0.034104604
259,-0.02153934,0.023035692,0.04580296,-0.046641476,0.005128109,0.703845,-3.2915366,2.8716638,0.10761367,-0.053679336,-0.08795685,-0.016241636
260,0.0020963605,0.015494579,0.030823959,-0.0333948,0.021365229,1.3038353,-3.8669538,2.8758233,0.10898798,-0.031533774,-0.083931245,-0.014415863
261,0.038110293,-0.019860212,0.01994762,-0.044932507,0.044103514,-0.91756535,2.6625512,-1.8162065,0.034891225,-0.038532507,-0.098952554,-0.04587186
262,0.046573408,0.0176631,0.0023786472,-0.053489007,0.05538075,-0.10680723,1.0407282,-0.9956826,0.056347832,-0.036240194,-0.05891721,-0.0003579657
263,-0.043341115,0.052623957,0.029994635,-0.019963633,0.06849434,2.5588434,-3.189135,0.7372808,0.1152974,-0.03382067,-0.056249283,0.031485356
264,-0.022738254,0.009194935,0.055352904,-0.031291403,0.086054005,3.0397308,-2.7940605,-0.24460581,0.08535343,-0.013788891,-0.049707577,0.01633928
265,0.015930867,0.045643717,0.025405154,-0.022820786,0.07778533,1.928454,-0.1729312,-1.8923017,0.09370985,-0.022246314,-0.08607968,-0.01586802
266,-0.043831527,0.0287779,-0.0018236954,0.0013026297,0.05340711,3.6060507,-2.8363304,-0.8161679,0.093112215,-0.028566374,-0.065064065,-0.004736836
267,-0.00049229525,0.00040252134,-0.0048789997,-0.04109387,0.057333544,2.4951413,-2.6091719,0.16193143,0.09115969,-0.022826927,-0.05638112,-0.048931662
268,-0.03461518,0.021859473,0.010952828,-0.0046016406,0.057705898,3.5586147,-3.6138678,0.058085017,0.10529263,-0.017091496,-0.06303772,-0.019652588
269,0.01709507,0.018373301,-0.011420869,-0.026878443,0.0028869445,-0.6834853,2.6042542,-1.9804167,0.042587847,-0.05418336,-0.098102085,0.011426981
270,-0.014298638,0.04679001,0.06113696,-0.044367462,0.08232032,2.4593527,-4.104595,1.9058367,0.09691383,-0.01684515,-0.033707738,-0.0039364523
271,-0.01604095,0.0016196687,0.021310994,-0.014059793,0.049851857,2.0044577,-3.4617836,1.6410314,0.103920884,-0.039988488,-0.08840593,-0.035004538
272,-0.02907505,0.03370922,-0.0056379493,-0.0021043252,0.061213266,2.7663512,-2.7676482,0.008245029,0.09472632,-0.029466724,-0.086430065,0.011891688
273,-0.026641631,0.028548026,0.013852125,0.0021007452,0.045037385,3.2506251,-3.2776818,0.08647839,0.082867295,-0.009824013,-0.06910705,-0.025212752
274,-0.015374886,0.007961141,-0.022447912,0.003484577,0.037515927,2.2624698,-1.7453952,-0.5067808,0.08983656,-0.029194813,-0.08953788,-0.030344598
275,-0.03761287,0.015757235,-0.014213112,0.0060393345,0.03933248,2.8711998,-3.123614,0.36403888,0.075270444,-0.0070735733,-0.06188655,-0.025050065
276,-0.028820826,0.045620695,0.047185615,-0.04961077,0.05853794,2.4383302,-3.7015023,1.4400399,0.100199535,-0.051272955,-0.043561585,0.019824177
277,0.003082769,-0.006976513,0.052961737,-0.059332713,0.03978406,1.1165653,-3.3400643,2.4553325,0.084888026,-0.012218698,-0.05780209,-0.0121589685
278,-0.02867596,0.0007910505,0.052063398,-0.028320022,0.084852815,2.212142,-2.9875853,0.9091514,0.07353747,-0.019241277,-0.07497853,-0.026318742
279,-0.0065080244,0.08129877,0.07660619,-0.06412946,0.06288975,1.9795687,-3.4193304,1.6327324,0.10411666,-0.031180935,-0.04374575,0.021196274
280,-0.044410393,0.02078748,0.022222271,-0.039033167,0.023709413,2.2924747,-5.742893,3.828827,0.100185394,-0.026675604,-0.09880101,-0.022958456
281,0.009678615,0.003422454,0.011503733,-0.049585156,0.016698994,-0.8193995,2.1157382,-1.2653395,0.054508097,-0.062369384,-0.14722154,0.015148946
282,-0.05352953,0.025327625,0.019823259,-0.02563819,0.054651897,2.320548,-4.05277,1.9712278,0.11512018,-0.023347707,-0.08499084,-0.031145234
283,-0.010177007,0.020563366,0.01408243,-0.052956104,0.02452657,1.0049816,-2.4324625,1.6624497,0.0852856,-0.035260387,-0.07307358,-0.010642076
284,0.024516828,0.007185789,0.039370187,-0.019958459,0.04229411,2.2121806,-3.6992714,1.6916021,0.12580231,-0.017067404,-0.070162445,-0.00839195
285,0.0043115914,0.0072176177,0.08715966,-0.043563314,0.0333613,2.9993887,-5.849798,3.1476123,0.056548186,0.008962385,-0.023365628,-0.028284337
286,-0.032950014,0.04425642,0.039591186,-0.051312134,0.08707072,3.4451737,-4.6308074,1.3876593,0.120593056,-0.034294453,-0.046183765,0.008093628
287,-0.035345495,0.024714949,0.014296643,-0.0019557253,0.052165005,4.7634816,-4.6515107,-0.08521079,0.07507406,-0.013411402,-0.049160264,-0.058591947
288,-0.036123745,-0.006160924,-0.011447932,-0.043295965,0.048517775,2.2441099,-4.771842,2.8278565,0.10264698,-0.027044974,-0.080893315,-0.064328015
289,-0.022479897,0.04458379,0.006083492,-0.016413786,0.031745866,2.44627,-3.466693,1.106708,0.10319689,-0.01502382,-0.028409109,-0.014515106
290,-0.027289325,0.023209507,-0.009618293,0.009711331,0.054718394,2.668349,-2.5405245,-0.1060818,0.08118522,-0.017481396,-0.074310236,-0.01020267
291,0.0009969007,0.006029511,0.024439927,-0.040856242,0.03851236,2.9121904,-3.6544657,0.8488676,0.07638393,-0.012291146,-0.03174393,-0.008635673
292,0.021093048,0.017981673,0.052807264,-0.0430829,0.010298218,-0.15763703,-1.7136433,2.0954084,0.08989611,-0.067956544,-0.07925087,-0.009128273
293,0.008590782,0.050414145,0.06709525,-0.03817983,0.051240496,2.0147028,-3.5104957,1.7684268,0.08378932,-0.031175172,-0.01897686,-0.013038034
294,-0.018678343,0.03562613,0.07105847,-0.023931876,0.08535701,3.4001462,-4.4194713,1.2265357,0.099001884,-0.014360843,-0.04124792,0.0014588896
295,-0.016354455,0.024661614,-0.033771493,-0.05403433,0.018607255,0.26928514,-2.4243643,2.402549,0.109343745,-0.01286396,-0.09058059,-0.016306994
296,-0.05036325,0.022648076,-0.022334969,-0.0046254024,0.049375504,2.7538545,-3.023392,0.34072986,0.08600804,-0.014555693,-0.10044006,-0.009012817
297,-0.04638478,0.010561513,0.07937567,0.002739843,0.06363495,6.6648245,-7.1670856,0.596367,0.06282836,-0.024466204,-0.060135737,-0.0075934716
298,-0.037558116,0.019341858,0.014518784,-0.02874852,0.05215552,4.21445,-5.8370705,1.7797127,0.09795771,0.00248332,-0.039332844,-0.012008772
299,0.005405333,-0.004722053,0.014064558,-0.014999002,0.056041945,2.0476298,-2.0395927,0.008969136,0.08297284,-0.019552393,-0.06095667,-0.05021353
300,-0.01480929,0.07230739,0.07307753,0.0061981995,0.061187655,4.0265875,-3.7318275,-0.24084932,0.09316512,-0.014553394,-0.04955314,-0.050231036
301,-0.03484709,0.054195642,0.02469638,0.01786552,0.06177747,3.4093244,-3.342427,-0.056552686,0.10219447,-0.047821227,-0.086436,-0.0071117366
302,0.064737506,0.012854906,0.04409062,-0.03996988,0.018542267,-1.6286097,2.665365,-1.0733213,0.06373449,-0.060458723,-0.111085095,0.021312643
303,-0.032639764,0.02970147,0.020345537,-0.012384012,0.028073788,2.9576766,-4.2583585,1.4730997,0.092147365,0.0004260562,-0.011803634,-0.026563061
304,0.025041386,-0.015838765,0.0011538211,-0.03876457,0.06470553,2.4711962,-3.1708107,0.8063064,0.08757937,0.0032253712,-0.034842335,-0.06504399
305,-0.040587522,0.024838815,0.052770555,-0.06815597,0.033399582,2.592768,-6.3483887,4.1718407,0.06837788,-0.0018641629,-0.03742457,-0.038193624
306,0.023764806,0.016137669,-0.00485213,-0.029194355,0.02807239,2.048608,-1.916405,-0.08456894,0.07042137,-0.007081268,-0.038799405,-0.059267014
307,0.014172282,0.00030897558,-0.0059182,-0.04661858,0.008619279,1.9784334,-3.7607698,2.0330293,0.076402895,-0.012204452,-0.025166564,-0.056315392
308,0.0046408307,0.057132937,0.052439526,-0.091006055,-0.006854807,-1.1665435,-2.5490515,3.9168282,0.034426365,-0.053785127,-0.0009478852,0.0019633614
309,0.0062756743,0.03240285,0.05532638,-0.025529135,0.03615085,2.7526033,-4.811174,2.2777448,0.064934015,0.0022994685,-0.023443744,-0.03262605
310,0.020330863,0.049399406,0.06093611,-0.05972123,0.036035385,2.9949472,-3.7765713,0.96036094,0.08261322,-0.058957394,-0.058005646,-0.024043404
311,0.012017371,0.045225613,0.0685016,-0.015595324,0.03583486,3.278499,-4.3769083,1.2947464,0.06947471,-0.000883713,-0.03524743,-0.03897836
312,0.06249035,0.02719747,0.015894698,-0.063950434,0.0139242,-0.14322883,-1.5842912,1.8481104,0.08106531,-0.042005673,-0.04376615,-0.018531922
313,0.0024006572,0.056256145,0.08044934,-0.050384253,0.04375231,2.62464,-5.9752812,3.635744,0.061469473,-0.013733226,-0.02291727,-0.010605399
314,0.0014903694,0.018753273,0.025369888,-0.056060888,0.05670807,3.8598485,-4.994462,1.2762457,0.083610944,0.025011774,-0.031662583,-0.058926813
315,-0.014478968,0.006115658,0.02980573,-0.014614653,0.04957031,3.4322267,-4.156753,0.80144817,0.07487844,0.010777611,-0.03959541,-0.058348127
316,-0.023005648,0.021246834,0.00964486,-0.015154842,0.066994116,3.01295,-1.8274258,-1.2815782,0.092984796,-0.022390863,-0.07893902,0.0095318435
317,-0.01817877,0.04680702,0.060088806,-0.031934585,0.062689275,3.2764566,-5.3714724,2.360648,0.09515378,-0.019230636,-0.044937655,-0.016731294
318,0.02737323,0.053549618,0.055295214,-0.05580519,0.03095255,1.1644527,-3.7756693,2.8279088,0.06435267,-0.030181656,0.008231025,-0.0099549405
319,0.0024275985,0.01590346,0.037157595,-0.03979239,0.03716708,2.706688,-4.7539506,2.2628448,0.07040778,0.020222424,-0.021834083,-0.076577954
320,0.0076991525,0.0421741,0.045438796,-0.052855276,0.060059715,1.5813324,-3.7644825,2.4331043,0.052353688,-0.02207023,-0.008371979,-0.010349897
321,0.0070692804,0.05308439,0.043324962,-0.08642391,0.023756962,0.18058367,-3.5562587,3.5690072,0.09969482,-0.026392123,-0.0039814487,0.015209659
322,0.0071590636,0.018719489,0.06742087,-0.046742536,0.015349886,2.3630965,-4.5967774,2.4731495,0.07902278,-0.010462764,-0.01975426,-0.036965337
323,-0.010197958,0.02208571,0.04971239,-0.052434042,0.040752705,1.7784407,-3.3426006,1.7778771,0.060994186,-0.011780517,-0.047138207,-3.4917612e-06
324,-0.011521788,0.030385321,0.06452722,-0.05701302,0.019957189,2.1642048,-5.3027415,3.4012928,0.061909225,-0.022597468,-0.0048555695,0.0032521507
325,0.027778035,0.0032974277,0.052641444,-0.04586196,0.0020028558,0.68834645,-2.1574879,1.6372141,0.06665073,-0.029456005,-0.021120742,-0.014511501
326,0.012013586,0.056580633,0.02219679,-0.09230033,0.030039009,-0.80425656,-1.85388,2.738596,0.08176774,-0.040420055,-0.024589673,0.014086655
327,-0.0048697535,0.023322845,-0.017998228,-0.034930553,0.040235918,1.179755,-2.1103783,1.0717586,0.08460274,-0.022049403,-0.08783189,-0.029510291
328,0.0021641124,0.050269544,0.04661861,-0.060123794,0.009003478,1.6601493,-4.310507,2.9048467,0.06887102,-0.019058503,-0.04698111,-0.0056408113
329,0.010459844,0.063506186,0.019355943,-0.06155517,0.051202685,0.54377544,-2.7360015,2.3667595,0.08303982,-0.004346579,-0.027435802,-0.004417385
330,0.01673187,0.018258465,0.061776496,-0.042675827,0.018233407,3.1714396,-4.221203,1.2325631,0.072301,-0.013729915,-0.019711971,-0.023539288
331,0.04233803,0.029146666,0.018606411,-0.023098491,0.040796466,-0.02249819,-0.8217983,0.92890215,0.06967562,0.00069261936,-0.054280497,-0.022500759
332,0.038126074,0.023308547,0.020041773,-0.049054116,0.0026116418,-0.12758255,1.0914975,-0.89212227,0.04831337,-0.0832128,-0.068253025,-0.019813279
333,0.0029763337,0.047690555,0.050096832,-0.039919615,0.031995907,1.586396,-3.4252245,2.0435815,0.096949264,-0.027464647,-0.027359374,-0.011829638
334,0.012641268,0.02731982,0.049148552,-0.036208175,0.043522954,2.8060622,-3.5155463,0.8616415,0.08023982,-0.01715053,-0.013114233,-0.03245762
335,-0.010366561,0.022236934,0.010469049,-0.04174658,0.025888208,2.503862,-1.5760561,-0.971851,0.09049666,-0.030581387,-0.058603063,0.014495089
336,0.040980022,0.03399378,0.01665353,-0.038421042,0.024000302,1.3574955,-2.9803622,1.76003,0.07583924,-0.011079839,-0.006348975,-0.0059747472
337,0.01976154,0.042073637,0.051559933,-0.07521698,0.012341455,0.64066607,-2.8343194,2.4030092,0.072788954,-0.049755573,-0.00017271563,0.01858348
338,-0.002348842,0.026162134,0.034291342,-0.04175903,0.0007232521,0.80653566,-2.8479671,2.208715,0.07232504,-0.031878345,-0.042471908,-0.016132448
339,0.030727515,0.054179385,0.015986107,-0.04469335,0.052159186,-0.924403,2.1711855,-1.3640118,0.07427567,-0.035357624,-0.07952624,-0.027268955
340,0.025235383,0.03109348,0.043754026,-0.05923932,0.046373736,0.15751995,-1.7201166,1.6658071,0.08210559,-0.026899358,-0.028862372,0.004255444
341,-0.006374242,0.06363557,0.016624955,-0.014014158,0.046260662,4.0023365,-3.7371264,-0.22503078,0.121770926,-0.026791945,-0.059650175,0.0092416005
342,0.003115045,0.027801262,0.028137082,-0.08385209,0.006574465,-0.2911228,-2.0380075,2.5025618,0.0499581,-0.016312,-0.009190924,-0.0059463438
343,0.004954165,0.03246703,0.04184579,-0.014434334,0.063170195,1.4518995,-2.0019462,0.64718163,0.101447344,-0.0070671435,-0.05551008,-0.033132374
344,0.017522719,0.06196034,0.07275042,-0.055525616,0.06659393,3.1886318,-3.3379114,0.342331,0.050542932,-0.021244567,-0.034436785,-0.017930036
345,-0.014260476,0.021927262,0.011787849,-0.00016358122,0.04435603,3.428528,-3.6427803,0.26581836,0.106431425,-0.011647948,-0.053738713,0.0060289605
346,0.024656245,0.024468942,0.0547887,-0.04844971,0.019529603,0.64209396,-2.717558,2.271438,0.04702943,-0.0472659,-0.050074026,-0.0021017012
347,0.0010333806,0.019724743,0.048053436,-0.047323897,0.050430533,1.9562242,-3.3697186,1.6417731,0.062247396,-0.021830022,-0.04149308,-0.016643649
348,-0.0003996864,-0.009742158,0.002071756,-0.044349,0.03891632,2.0703626,-3.943914,2.0622728,0.079913184,-0.012052033,-0.05890888,-0.039349396
349,-0.011761809,0.002259722,-0.027404312,-0.025811978,0.065921284,1.9963133,-3.540949,1.7142779,0.11010437,-0.019082498,-0.079566054,-0.031103771
350,-0.011783937,0.056626514,0.07943023,-0.0626038,0.07772838,3.865397,-5.25157,1.5863206,0.11438326,-0.01718439,-0.056153476,-0.020101167
351,0.004973702,0.014110515,0.012890747,-0.022249542,0.031108513,2.9600897,-2.7649925,-0.14029694,0.06314517,0.007051175,-0.05606833,-0.05373402
352,-0.0014500301,0.009167606,0.02113944,-0.027089715,0.031753473,3.6105728,-3.025608,-0.604401,0.10750416,-0.006526111,-0.056287214,-0.0576699
353,0.00694222,0.026254239,0.060666203,-0.051501654,0.0010650158,1.8859994,-4.6957035,3.0891871,0.08330087,-0.016358329,-0.014402393,-0.045440745
354,0.0063644573,0.061385274,0.06438387,-0.073394455,0.08816382,3.6228793,-5.2930255,1.9389924,0.07250795,-0.0020613405,-0.04529117,-0.025326664
355,0.003764458,-0.013512397,0.0016331128,-0.036597528,0.034705225,2.6558409,-4.269968,1.7800246,0.06743944,0.006232397,-0.012234118,-0.05413806
356,0.012970644,0.015604312,0.011503119,-0.051383197,0.013603782,0.25983322,-2.9862466,2.9173124,0.086396106,-0.024055148,-0.031411625,-0.014122541
357,0.0102943685,0.05718773,0.057317205,-0.039821632,0.072577484,3.7012632,-2.7083683,-0.8508125,0.08706033,-0.018498665,-0.05409562,-0.049352393
358,0.03212796,0.050761387,0.059130907,-0.030043263,0.050108176,2.3785992,-3.1106608,0.9200627,0.0659121,-0.038266283,-0.029741943,-0.013968688
359,-0.008619973,0.0015295912,0.0039740093,-0.008363899,0.061570026,1.7370294,-2.1114223,0.4634378,0.08411018,-0.029313728,-0.09903485,-0.031013092
360,0.029025462,0.0530985,0.015774531,-0.043009833,0.07570695,-0.3847981,-0.24979523,0.6089791,0.07430717,-0.0034669708,-0.053966843,-0.010605085
361,0.004680408,0.021036977,0.030015564,-0.057516113,0.024189278,1.176856,-4.3661313,3.503466,0.062346183,-0.00021822902,-0.028408661,-0.03998383
362,0.069232464,0.009299995,-0.01955561,-0.060688086,0.03274201,-0.45852977,2.1323442,-1.8105953,0.034514792,-0.0135906655,-0.046928808,-0.048651047
363,0.030521259,0.05840292,0.039828114,-0.070015505,-0.017999522,1.6833222,-4.614638,3.2544582,0.070186675,-0.01805575,-0.016225897,-0.02133187
364,0.012567077,0.036942482,-0.00027830526,-0.053518437,0.018408328,1.6139115,-1.0124062,-0.5487859,0.07820821,-0.028344544,-0.06587087,-0.022361161
365,0.044658065,0.042931907,0.03601487,-0.04292392,0.0063517387,1.4755534,-2.4853094,1.127643,0.058454644,0.022519575,-0.021039035,-0.055043146
366,0.017898856,0.021312946,0.031827018,-0.042732168,0.030055098,0.61661994,-1.4924753,0.96144336,0.08241287,-0.0360324,-0.05343855,-0.027848113
367,0.0069122184,0.03153941,0.05991383,-0.05732031,0.034364488,1.647107,-3.9991264,2.5876307,0.058774166,-0.04011218,-0.015427448,-0.015526446
368,0.035649486,0.031144286,0.037102118,-0.054210365,0.015873196,0.3490181,-2.1607018,2.0098956,0.068700895,-0.02197974,-0.018344246,-0.013916474
369,0.046118155,0.025497025,0.0046112128,-0.020911738,0.0006272113,0.29226393,-0.9447968,0.7674177,0.075841844,-0.041789625,-0.047727734,-0.039034266
370,0.037348613,0.015403951,0.0065797837,-0.076808624,0.046819244,-0.39340597,-0.92760825,1.3947207,0.06814095,-0.016836984,-0.024935953,-0.01940743
371,0.02799387,0.023991322,0.06896567,-0.058510445,0.021119654,2.0210135,-4.995003,3.2554061,0.07516672,-0.020712757,-0.0043590404,-0.016774857
372,-0.02038264,0.0112385545,0.030592626,-0.03947059,0.096837744,2.0497262,0.12404306,-2.4492304,0.07404839,-0.03189785,-0.11521482,0.03646927
373,0.03439554,0.014369475,-0.009361911,-0.036553036,0.029643334,-0.5043826,2.3534286,-1.8803784,0.04786791,-0.038085952,-0.110862456,-0.008587935
374,0.003746977,0.021772103,0.04539825,-0.029902223,0.026198484,-0.5596599,1.9874046,-1.497814,0.09145697,-0.056096356,-0.08730459,-0.04094047
375,0.030158082,-0.0053039063,0.042947896,-0.059345044,-0.012135551,0.2284468,-3.789697,3.7915876,0.07309364,-0.019419609,-0.022636298,0.0061565368
376,0.023730144,0.004521968,0.062007435,-0.04278348,0.027165335,2.3403752,-4.008901,1.8488617,0.09251838,-0.001761749,-0.027772807,-0.03981187
377,0.023680884,0.045196205,0.05010976,-0.03646995,0.02262336,4.4441366,-5.8401055,1.6255376,0.09054227,0.01401856,-0.03220681,-0.018036112
378,-0.0068036634,0.043664508,0.03962896,-0.014554728,0.07054469,3.2787325,-1.9462295,-1.3551178,0.1007674,-0.020603046,-0.04509776,-0.013133854
379,0.0033491906,0.059575245,0.059795335,-0.088086694,0.036202323,2.475894,-5.784406,3.5525496,0.08556231,-0.025834428,-0.0180032,-0.0017873554
380,0.016758623,0.0018124506,-0.005944182,-0.03845091,0.040773697,2.7368891,-3.8567054,1.2968624,0.0675847,0.018973228,-0.053490132,-0.05491211
381,0.020986306,0.050560713,0.041342825,-0.03199957,0.054046538,3.50574,-4.1389737,0.768433,0.054796647,0.013139354,-0.032262735,-0.01949585
382,0.041566536,0.013465734,0.02791087,-0.035734303,0.025595281,-0.16846512,-0.41700363,0.61688983,0.093884274,-0.024627721,-0.042205833,-0.026323153
383,0.016987385,0.057053007,0.049102575,-0.046020538,0.044057954,2.2298057,-5.09417,3.1127572,0.082759105,-0.0021729073,-0.0028216615,-0.0049689123
384,-0.013789119,0.019371225,0.05513253,-0.088337645,0.019377213,-0.43183446,-2.796884,3.5379016,0.06915635,-0.015753018,-0.033958934,-0.026660824
385,0.04458697,0.02211004,0.039268233,-0.028396152,0.011085831,1.184576,-1.8648571,0.8328354,0.07225356,-0.016444918,-0.026472777,-0.031836875
386,0.008702708,0.04497326,0.055346824,-0.0480771,0.061789252,3.2148554,-4.711221,1.7825879,0.04537759,0.006780688,-0.043384254,-0.027315812
387,0.021713184,0.025242852,0.077126965,-0.06284415,0.015437678,2.8719478,-4.465217,1.7724671,0.073402524,-0.020794926,-0.029268414,-0.01905599
388,0.008498358,0.008298961,0.047867715,-0.032004368,0.03189701,1.2715353,-3.0415728,2.0252323,0.09457843,-0.013182832,-0.03600377,0.01310867
389,-0.0060023647,-0.004538538,-0.0023694038,-0.018498175,0.06320075,1.8535904,-2.357121,0.60771865,0.077265784,-0.020908887,-0.08107268,-0.04345637
390,0.008901181,0.047661774,0.0693617,-0.037460446,0.09906128,3.9183645,-4.715497,1.0341444,0.097262934,-0.02450527,-0.046728134,-0.032906868
391,-0.003884973,0.0024317075,0.043408394,-0.03006117,0.045113444,1.6868131,-2.6764343,1.136305,0.09307138,-0.0027764118,-0.053625964,0.030395808
392,-0.0028550047,0.032818846,0.053298093,-0.019453399,0.025148157,3.2063954,-4.818354,1.801456,0.07106716,-0.0031396612,-0.027567625,-0.037249517
393,0.022388704,0.004793253,0.007782963,-0.0472868,-0.016276117,-0.8252449,-1.4209384,2.3719914,0.06510439,-0.05288629,-0.026886605,0.008830071
394,0.012458763,0.04103332,0.02766305,-0.018935401,0.039937127,2.7446578,-2.6958466,0.0942475,0.08351676,-0.03397827,-0.046737365,-0.020364737
395,-0.0037076045,0.054347657,0.052431054,-0.042068206,0.078722894,3.2245345,-2.3185165,-0.8220074,0.11273657,-0.027305929,-0.062454917,4.1428255e-05
396,0.031652786,0.038547024,0.03400573,-0.05288849,0.011901151,2.7447896,-2.9104064,0.2996736,0.08632752,-0.02567807,-0.038497694,-0.03887188
397,0.061226048,0.038582347,-0.004228931,-0.08445739,0.060578853,-0.22326148,2.2782664,-2.1665056,0.028259024,-0.013763148,-0.060799643,-0.041788537
398,0.0015298445,0.014162311,0.019251043,-0.018489975,0.032125816,2.4070394,-2.1610508,-0.15429653,0.04858432,0.01090126,-0.020800814,-0.05261963
399,0.015085918,0.046826564,0.012676673,-0.015056681,0.029082812,2.842193,-2.2008607,-0.5784755,0.06904245,0.012839112,-0.027321778,-0.07803421
400,0.008847408,0.00029071234,0.032667607,-0.014950592,0.014745469,0.16750368,1.7417331,-1.9914684,0.05660975,-0.031283773,-0.085503876,-0.004181939
401,-0.026672972,0.013212288,0.044650145,-0.033036232,0.035482887,4.6175637,-6.496594,2.1159241,0.09947318,-0.00077732245,-0.05566425,-0.04315596
402,0.032219924,0.013999118,0.014012165,-0.019635387,0.014244083,2.2033837,-3.1778352,1.1095917,0.078559846,-0.024023546,-0.038632944,-0.05026957
403,0.02338825,0.007842893,-0.004774241,-0.037704136,0.048685808,2.714144,-3.3667154,0.779482,0.07958081,0.017816657,-0.026130863,-0.06514622
404,0.043235376,0.04315482,0.028891386,-0.025395915,0.0629116,-0.120120145,1.2714888,-1.2062049,0.08035376,-0.0011738256,-0.046081796,-0.022040395
405,0.010821829,0.031229345,0.031422257,-0.0056188703,0.012539835,3.4172375,-3.8727772,0.60072386,0.050363623,0.012439946,-0.019131105,-0.051238563
406,0.061566338,-0.0016077328,0.006604545,-0.032697678,0.031136975,-0.6479195,1.063093,-0.35148335,0.04867598,-0.025765155,-0.06555764,-0.029984547
407,0.02481295,0.033778258,0.040925562,-0.012223244,0.037045646,2.298182,-1.8709393,-0.3585636,0.07733334,-0.010039386,0.002092708,-0.06937993
408,0.017421488,0.0011144038,0.038571246,-0.042310465,0.023354106,-0.5708182,1.6567591,-1.1030561,0.055752657,-0.037716717,-0.07727163,0.0096911155
409,0.038846456,0.022982607,0.05448065,-0.062053576,0.0176913,1.0383078,-2.5674055,1.71051,0.05782695,-0.038546402,-0.01579605,-0.0036640933
410,0.010796176,0.06774742,0.09241463,-0.047722958,0.09344516,4.436207,-5.811752,1.652651,0.107866235,-0.019023955,-0.03777381,-0.0030428355
411,-0.013186445,0.018644957,0.020680867,-0.014734682,0.027516503,2.6702735,-3.0047655,0.47385514,0.057375256,0.009576874,-0.0322368,-0.05026193
412,-0.008628255,0.048197635,0.05232218,-0.02959564,0.077670984,2.7701964,-2.9217608,0.29469842,0.1111516,-0.03228588,-0.051287808,0.0007939555
